{"groupCounter":33,"group_1":{"groupName":"ChatGPT","id":"group_1","keywords":["Ukrain, 120","Russia, 60","North Korea, 38","Estonia, 30","Bulgaria, 30","Iran, 30","Belarus, 30","Hungar, 30","Sweden, 30","Finland, 30","armed forces, 13","prisoners of war, 25","Terrorism, 20","Donetsk, 45","Belgorod, 76","Dnipropetrovsk, 40","Zaporizhzhia, 30","Kyiv, 30","Kharkiv, 28","Kherson, 30","St Petersburg, 20","Sevastopol, 30","Volodymyr Zelensky, 38","foreign minister, 30","State Duma, 35","Reuters, 30","Al Jazeera, 30","manga","Baltic Sea, 30","Viktor Orban, 30","Orbán, 50","украин, 100","Славянск, 100","Росси, 100","Україн, 100","Києв, 100","Київ, 100","Росі, 100","Авдіївк, 100","Ленінград, 100","США, 100","КНДР, 100","Слов'янськ, 100","британ, 100","ukrajin, 100","Rusk, 100","Maďar, 100","multiplayer games, 150","agar.io, 150","Slither.io, 150","Diep.io, 150","IO games, 150","FlyOrDie.io, 150","Moscow, 100","bombing campaign, 100","girl, 100","creating image","woman, 100","adb shell","Android emulator, 100","Android simulator, 100","Android game, 100","bluestacks, 50","Vivaldi, 100","Microsoft Edge, 100","Maxthon, 100","Sauce Labs, 100","Browserling, 100","browser game, 80","cold turkey, 500","reddit, 80","Invidious, 100","telegram, 20","tiktok, 150","floorp, 100","search engine, 130","firefox, 100","Ecosia Browser, 100","How would you like ChatGPT to respond?, 1","podcast, 10","mastodon, 10","twitter, 10","instagram, 10","Juniper, 990","download videos from YouTube, 200","download YouTube videos, 200","downloading YouTube videos, 200","downloading videos from YouTube, 200","Herunterladen von Videos von YouTube, 150","iTubeGo Downloader, 100","some new search engines, 100","ome additional search engines, 100"],"timer":{"count":0,"duration":5,"usedToday":3},"websites":["chatgpt.com"]},"group_15":{"groupName":"Maps","id":"group_15","keywords":["Russia, 1","satellit, 150","verkehr, 60","radfahren, 60","gelände, 50","terrain, 55","biking, 65","traffic, 65","Google Street View","Street View-Bilder, 1"],"websites":["google.com/maps"]},"group_24":{"groupName":"Linvist","id":"group_24","keywords":["Other languages to learn"],"websites":["lingvist.com"]},"group_3":{"groupName":"Google","id":"group_3","keywords":["io games, 50","surviv.io, 40","hungary, 30","sea level rise, 70","noviny, 70","piano, 30","zombs.io, 100","adult website, 100","India, 70","fertility rate, 100","IC3PEAK, 50","Sweden, 20","BDSM, 50","search engine, 100","anime, 20","porn, 90","manga, 80","solitaire, 15","girl, 29","woman, 25","horny, 1","waifu, 11","4chan, 1","crazygames.com, 5","two player game, 4","gun mayhem, 90","shooter, 4","destroy, 4","enemies, 4","crazygames, 4","spiele, 40","game, 40","shooting, 4","девочка, 400","мальчик, 200","игры, 20","North Atlantic Treaty Organization, 200","Russia, 30","news, 25","Cold War, 50","Albania, 50","Schweden, 100","Ukraine, 60","women, 40","face, 30","vagina, 9","breast, 7","sex, 70","nude, 7","death, 3","naked, 9","Trump, 1","Ukrain, 65","cold turkey, 15","addiction, 20","smoking, 20","alcohol, 20","reddit, 10","pop art, 14","lonely, 15","♪, 100","instagram, 90","lazy, 40","autist, 40","strange, 40","song, 16","uterus, 12","bikini, 20","boob, 7","adb shell","phonk, 24","cancer, 12","lymph, 12","slovensk, 25","photo, 10","browser, 20","nasdaq, 10","stock, 14","tesla, 4","tsla, 4","wetter, 7","Chromium, 10","Chrome, 10","download youtube, 100","youtube download, 100","phone simulat, 100","Android Emulator, 100","population, 1","fertility, 15","Nigeria, 18","zabava, 15","twitch, 5","minecraft, 13","meme, 15","brawl stars, 15","мем, 40","tiktok, 35","Ladybug, 10","Hermiona, 15","opera, 5","firefox, 14","brave community, 7","brave browser, 1","browser download, 10","brave, 3","web browser, 10","Vivaldi, 4","Vivaldi Download, 50","DuckDuckGo, 5","Microsoft Edge, 1","edge, 8","gag, 8","podcast, 60","❤️, 20","🍕, 20","Lyrics, 20","film, 15","happy, 2","birthday, 2","tied up, 4","Android-Emulator, 50","yoga, 30","youtube, 2","youtube alternative, 18","wagina, 5","Prsník, 28","ai chat, 15","chatbot, 6","feind, 8","frau, 20","Mädchen, 9","weibliche, 12","junge, 8","Vergnügen, 1","dámsk, 15","jeans, 14","hose, 4","heart, 5","rücken, 10","trauma, 8","zeh, 3","brust, 10","mode, 2","no-bra, 6","nintendo, 20","ara fell, 10","ara fell enhanced edition, 290","PS4, 10","PS5, 10","vietnam, 1","desnuda, 1","horror, 1"],"timer":{"count":0,"duration":1,"usedToday":0},"websites":["cse.google.com/cse?"]},"group_31":{"groupName":"Brain.fm","id":"group_31","keywords":["Explore, 500","Instrumentation, 500"],"websites":["brain.fm"]},"group_32":{"groupName":"Libgen","id":"group_32","keywords":["manga, 40","anime, 40","boob, 40","nude, 40","girl, 40","naked, 40","tied up, 170","bondage, 180","tied, 14"],"websites":["libgen.st/"]},"group_8":{"groupName":"Audible","id":"group_8","keywords":["sex, 3.1","erotic, 0.1","manga, 5"],"websites":["audible.com"]},"schedules":[{"days":["Mon","Tue","Wed","Thu","Fri","Sat","Sun"],"endTime":"11:00","isActive":true,"name":"Morning","startTime":"09:09"},{"days":["Mon","Tue","Wed","Thu","Fri","Sat","Sun"],"endTime":"13:30","isActive":true,"name":"After lunch","startTime":"11:24"},{"days":["Mon","Tue","Wed","Thu","Fri","Sat","Sun"],"endTime":"16:40","isActive":true,"name":"After siesta","startTime":"13:54"},{"days":["Mon","Tue","Wed","Thu","Fri","Sat","Sun"],"endTime":"19:55","isActive":true,"name":"After dinner","startTime":"17:03"}],"whitelistedSites":[]}